name,item_id,annotated?,dataset
Bela-AR 020-01 PAS1.svs,5e13ea15c1f21ef7e0e2abe2,yes,Train
1022074.svs,5cf826ef1ee779b51802a341,yes,Train
1020221.svs,5cf8242b1ee779b51802948a,yes,Train
1019730.svs,5e1636bbc1f21ef7e0e3b252,yes,Train
1021584.svs,5e163bd3c1f21ef7e0e3b298,yes,Train
Bela-AR-032 A1 PAS1.svs,5e13ea15c1f21ef7e0e2abda,yes,Train
Bela-AR-031 A1 PAS1.svs,5e13ea15c1f21ef7e0e2abdc,yes,Train
Bela-AR 017-01 PAS1.svs,5e13ea15c1f21ef7e0e2abde,yes,Train
Bela-AR-034 A1 PAS1.svs,5e13ea15c1f21ef7e0e2abe0,yes,Train
Bela-AR-075 A1 PAS1.svs,5e13f299c1f21ef7e0e2ac91,yes,Train
1019969.svs,5e1631acc1f21ef7e0e3b1c0,yes,Train
1020961.svs,5e1631acc1f21ef7e0e3b1c2,yes,Train
1019819.svs,5e1631adc1f21ef7e0e3b1c6,yes,Train
1022389.svs,5e1631adc1f21ef7e0e3b1c8,yes,Train
1021859.svs,5e164222c1f21ef7e0e3b2ff,yes,Train
1019571.svs,5e164222c1f21ef7e0e3b301,yes,Train
1020941.svs,5e164222c1f21ef7e0e3b303,yes,Train
1022835.svs,5e164222c1f21ef7e0e3b305,yes,Train
1019466.svs,5e164223c1f21ef7e0e3b307,yes,Train
1019341.svs,5e7e0d0708e43602a865300d,yes,Train
1019974.svs,5cf823d11ee779b5180292b2,yes,Train
1022535.svs,5cf827771ee779b51802a603,yes,Train
1021430.svs,5cf825c71ee779b518029d4b,yes,Train
1022904.svs,5cf821021ee779b5180282e5,yes,Train
1020706.svs,5cf824e41ee779b518029857,yes,Train
1019984.svs,5cf823df1ee779b518029303,yes,Train
1019500.svs,5cf823101ee779b518028e97,yes,Train
1021814.svs,5ec3f0faffe09d4ddfb39e8a,yes,Val
1021427.svs,5cf825ab1ee779b518029cb5,yes,Val
1019863.svs,5e1636bbc1f21ef7e0e3b24e,yes,Val
1019964.svs,5ec3effeffe09d4ddfb39e24,yes,Val
1019879.svs,5cf8239d1ee779b5180291aa,yes,Val
1021351.svs,5cf826341ee779b518029f6d,yes,Test
1022919.svs,5cf8215f1ee779b5180284a3,yes,Test
1022232.svs,5cf827321ee779b51802a4a0,yes,Test
1022124.svs,5cf8272f1ee779b51802a48c,yes,Test
1019421.svs,5cf823531ee779b51802901d,yes,Test
1022949.svs,5cf821451ee779b518028421,yes,Test
1022550.svs,5cf827511ee779b51802a53d,yes,Test
1021081.svs,5cf8259c1ee779b518029c66,no,Not annotated
1021121.svs,5cf8259e1ee779b518029c72,no,Not annotated
1021141.svs,5cf825a01ee779b518029c7c,no,Not annotated
1021376.svs,5cf825a61ee779b518029c9d,no,Not annotated
1021076.svs,5cf8259b1ee779b518029c62,no,Not annotated
1021146.svs,5cf825a11ee779b518029c82,no,Not annotated
1020826.svs,5cf825731ee779b518029b3c,no,Not annotated
1020936.svs,5cf8256e1ee779b518029b22,no,Not annotated
1020996.svs,5cf825991ee779b518029c5a,no,Not annotated
1021326.svs,5cf825a31ee779b518029c8d,no,Not annotated
1021001.svs,5cf8258a1ee779b518029be4,no,Not annotated
1021406.svs,5cf825a71ee779b518029c9f,no,Not annotated
1020846.svs,5cf825961ee779b518029c46,no,Not annotated
1021256.svs,5cf825a81ee779b518029ca3,no,Not annotated
1021186.svs,5cf8256d1ee779b518029b1c,no,Not annotated
1021459.svs,5cf825a81ee779b518029ca5,no,Not annotated
1021386.svs,5cf825a91ee779b518029ca9,no,Not annotated
1021166.svs,5cf8256c1ee779b518029b16,no,Not annotated
1021236.svs,5cf825a91ee779b518029cab,no,Not annotated
1021271.svs,5cf825aa1ee779b518029cad,no,Not annotated
1021131.svs,5cf8256a1ee779b518029b0c,no,Not annotated
1021016.svs,5cf825731ee779b518029b3e,no,Not annotated
1021061.svs,5cf825951ee779b518029c3c,no,Not annotated
1020916.svs,5cf825961ee779b518029c40,no,Not annotated
1021041.svs,5cf825961ee779b518029c3e,no,Not annotated
1021171.svs,5cf825871ee779b518029bc8,no,Not annotated
1020986.svs,5cf8258c1ee779b518029bee,no,Not annotated
1020831.svs,5cf8258c1ee779b518029bf0,no,Not annotated
1021201.svs,5cf825911ee779b518029c18,no,Not annotated
1020951.svs,5cf825861ee779b518029bc0,no,Not annotated
1021011.svs,5cf825851ee779b518029bb8,no,Not annotated
1020856.svs,5cf825841ee779b518029bb0,no,Not annotated
1021281.svs,5cf825ad1ee779b518029cbd,no,Not annotated
1021111.svs,5cf825811ee779b518029b9e,no,Not annotated
1020906.svs,5cf825811ee779b518029b9c,no,Not annotated
1021156.svs,5cf825811ee779b518029b9a,no,Not annotated
1020881.svs,5cf825801ee779b518029b94,no,Not annotated
1020926.svs,5cf8257f1ee779b518029b8e,no,Not annotated
1020956.svs,5cf8257c1ee779b518029b76,no,Not annotated
1021026.svs,5cf8257b1ee779b518029b6e,no,Not annotated
1021116.svs,5cf825791ee779b518029b60,no,Not annotated
1020836.svs,5cf825791ee779b518029b5c,no,Not annotated
1021006.svs,5cf825931ee779b518029c2e,no,Not annotated
1020976.svs,5cf825941ee779b518029c34,no,Not annotated
1020896.svs,5cf825941ee779b518029c36,no,Not annotated
1020911.svs,5cf8258a1ee779b518029be2,no,Not annotated
Bela-AR 011-01 PAS1.svs,5e13e93bc1f21ef7e0e2abb1,no,Not annotated
1021231.svs,5cf825c11ee779b518029d2b,no,Not annotated
1021449.svs,5cf825af1ee779b518029cc9,no,Not annotated
1021489.svs,5cf826141ee779b518029ecd,no,Not annotated
1021251.svs,5cf825ef1ee779b518029e11,no,Not annotated
1021574.svs,5cf825f71ee779b518029e3b,no,Not annotated
1021534.svs,5cf825f71ee779b518029e3d,no,Not annotated
1021261.svs,5cf825fb1ee779b518029e4f,no,Not annotated
1021444.svs,5cf825fd1ee779b518029e57,no,Not annotated
1021425.svs,5cf825fe1ee779b518029e5d,no,Not annotated
1021454.svs,5cf826041ee779b518029e7b,no,Not annotated
1021286.svs,5cf826041ee779b518029e7d,no,Not annotated
1021440.svs,5cf826041ee779b518029e7f,no,Not annotated
1021619.svs,5cf826051ee779b518029e81,no,Not annotated
1021390.svs,5cf826071ee779b518029e8b,no,Not annotated
1021266.svs,5cf8260c1ee779b518029ea7,no,Not annotated
1021484.svs,5cf826141ee779b518029ecb,no,Not annotated
1021211.svs,5cf826161ee779b518029ed3,no,Not annotated
1021306.svs,5cf825b01ee779b518029ccd,no,Not annotated
1021296.svs,5cf826171ee779b518029edb,no,Not annotated
1021539.svs,5cf826181ee779b518029ee1,no,Not annotated
1021216.svs,5cf8261a1ee779b518029eeb,no,Not annotated
1021494.svs,5cf8261b1ee779b518029eef,no,Not annotated
1021341.svs,5cf8261d1ee779b518029ef7,no,Not annotated
1021221.svs,5cf8261f1ee779b518029f03,no,Not annotated
1021424.svs,5cf826201ee779b518029f07,no,Not annotated
1021416.svs,5cf826251ee779b518029f1d,no,Not annotated
1021378.svs,5cf826281ee779b518029f2d,no,Not annotated
1021393.svs,5cf8262a1ee779b518029f35,no,Not annotated
1021371.svs,5cf8262c1ee779b518029f41,no,Not annotated
1021426.svs,5cf8262c1ee779b518029f43,no,Not annotated
1021514.svs,5cf8262e1ee779b518029f4d,no,Not annotated
1021564.svs,5cf825ee1ee779b518029e0d,no,Not annotated
1021569.svs,5cf825e71ee779b518029deb,no,Not annotated
1021614.svs,5cf825e71ee779b518029de9,no,Not annotated
1021594.svs,5cf825e61ee779b518029de7,no,Not annotated
1021361.svs,5cf825b21ee779b518029cd9,no,Not annotated
1021609.svs,5cf825b41ee779b518029ce5,no,Not annotated
1021509.svs,5cf825b51ee779b518029ceb,no,Not annotated
1021559.svs,5cf825b81ee779b518029cfb,no,Not annotated
1021246.svs,5cf825b91ee779b518029d01,no,Not annotated
1021524.svs,5cf825ba1ee779b518029d09,no,Not annotated
1021436.svs,5cf825bb1ee779b518029d0d,no,Not annotated
1021276.svs,5cf825bd1ee779b518029d19,no,Not annotated
1021046.svs,5cf825661ee779b518029afa,no,Not annotated
1021479.svs,5cf825c11ee779b518029d2d,no,Not annotated
1021469.svs,5cf825c41ee779b518029d3d,no,Not annotated
1021464.svs,5cf825c51ee779b518029d41,no,Not annotated
1021331.svs,5cf825ce1ee779b518029d71,no,Not annotated
1021226.svs,5cf825d11ee779b518029d7d,no,Not annotated
1021383.svs,5cf825d41ee779b518029d89,no,Not annotated
1021589.svs,5cf825d41ee779b518029d8b,no,Not annotated
1021604.svs,5cf825d71ee779b518029d97,no,Not annotated
1021554.svs,5cf825d71ee779b518029d99,no,Not annotated
1021346.svs,5cf825dc1ee779b518029db3,no,Not annotated
1021549.svs,5cf825df1ee779b518029dbf,no,Not annotated
1021544.svs,5cf825e01ee779b518029dc5,no,Not annotated
1021579.svs,5cf825e01ee779b518029dc7,no,Not annotated
1021291.svs,5cf825e11ee779b518029dcd,no,Not annotated
1021599.svs,5cf825e31ee779b518029dd7,no,Not annotated
1021241.svs,5cf825e41ee779b518029ddb,no,Not annotated
1021519.svs,5cf825e51ee779b518029ddd,no,Not annotated
1021301.svs,5cf825e61ee779b518029de3,no,Not annotated
1021106.svs,5cf825681ee779b518029b04,no,Not annotated
1021051.svs,5cf825481ee779b518029a62,no,Not annotated
1021021.svs,5cf825651ee779b518029af4,no,Not annotated
1020681.svs,5cf824cc1ee779b5180297df,no,Not annotated
1020645.svs,5cf824b81ee779b518029777,no,Not annotated
1020472.svs,5cf824ba1ee779b51802977f,no,Not annotated
1020563.svs,5cf824bc1ee779b51802978b,no,Not annotated
1020711.svs,5cf824c11ee779b5180297a5,no,Not annotated
1020761.svs,5cf824c11ee779b5180297a7,no,Not annotated
1020519.svs,5cf824c31ee779b5180297ad,no,Not annotated
1020619.svs,5cf824c41ee779b5180297b5,no,Not annotated
1020604.svs,5cf824c71ee779b5180297c3,no,Not annotated
1020481.svs,5cf824c71ee779b5180297c5,no,Not annotated
1020460.svs,5cf824c81ee779b5180297cb,no,Not annotated
1020650.svs,5cf824ca1ee779b5180297d5,no,Not annotated
1020666.svs,5cf824cb1ee779b5180297db,no,Not annotated
1020701.svs,5cf824cd1ee779b5180297e3,no,Not annotated
1020861.svs,5cf825641ee779b518029aee,no,Not annotated
1020801.svs,5cf824d01ee779b5180297f3,no,Not annotated
1020736.svs,5cf824d11ee779b5180297f9,no,Not annotated
1020634.svs,5cf824d41ee779b518029807,no,Not annotated
1020623.svs,5cf824d51ee779b51802980b,no,Not annotated
1020538.svs,5cf824d51ee779b51802980d,no,Not annotated
1020614.svs,5cf824dc1ee779b51802982f,no,Not annotated
1020811.svs,5cf824df1ee779b51802983f,no,Not annotated
1020776.svs,5cf824e11ee779b518029849,no,Not annotated
1020676.svs,5cf824e21ee779b51802984b,no,Not annotated
1020720.svs,5cf824e31ee779b51802984f,no,Not annotated
1020589.svs,5cf824e31ee779b518029853,no,Not annotated
1020486.svs,5cf824e71ee779b518029865,no,Not annotated
1020445.svs,5cf824b81ee779b518029775,no,Not annotated
1020628.svs,5cf824b71ee779b518029771,no,Not annotated
1020568.svs,5cf824b51ee779b518029767,no,Not annotated
1020746.svs,5cf824b51ee779b518029765,no,Not annotated
1020331.svs,5cf824751ee779b518029618,no,Not annotated
1020341.svs,5cf824771ee779b518029626,no,Not annotated
1020292.svs,5cf824791ee779b518029630,no,Not annotated
1020277.svs,5cf8247c1ee779b51802963c,no,Not annotated
1020196.svs,5cf8247c1ee779b51802963e,no,Not annotated
1020226.svs,5cf8247f1ee779b518029650,no,Not annotated
1020138.svs,5cf824841ee779b518029668,no,Not annotated
1020312.svs,5cf824841ee779b51802966a,no,Not annotated
1020201.svs,5cf824851ee779b51802966e,no,Not annotated
1020171.svs,5cf824871ee779b518029678,no,Not annotated
1020322.svs,5cf824881ee779b51802967e,no,Not annotated
1020356.svs,5cf824891ee779b518029682,no,Not annotated
1020543.svs,5cf824901ee779b5180296a7,no,Not annotated
1020691.svs,5cf824951ee779b5180296c5,no,Not annotated
1020715.svs,5cf824961ee779b5180296c7,no,Not annotated
1020771.svs,5cf824981ee779b5180296d5,no,Not annotated
1020786.svs,5cf8249a1ee779b5180296dd,no,Not annotated
1020796.svs,5cf8249a1ee779b5180296df,no,Not annotated
1020455.svs,5cf8249e1ee779b5180296f3,no,Not annotated
1020553.svs,5cf8249f1ee779b5180296f9,no,Not annotated
1020741.svs,5cf824a41ee779b51802970d,no,Not annotated
1020821.svs,5cf824a61ee779b51802971b,no,Not annotated
1020465.svs,5cf824ac1ee779b518029737,no,Not annotated
1020730.svs,5cf824ad1ee779b51802973d,no,Not annotated
1020732.svs,5cf824ad1ee779b51802973f,no,Not annotated
1020725.svs,5cf824e81ee779b518029869,no,Not annotated
1020635.svs,5cf824ea1ee779b518029875,no,Not annotated
1020476.svs,5cf824ee1ee779b518029887,no,Not annotated
1021036.svs,5cf8252b1ee779b5180299c6,no,Not annotated
1021151.svs,5cf8252f1ee779b5180299d8,no,Not annotated
1021161.svs,5cf8252f1ee779b5180299da,no,Not annotated
1021181.svs,5cf825301ee779b5180299e0,no,Not annotated
1021191.svs,5cf825321ee779b5180299e6,no,Not annotated
1020971.svs,5cf825331ee779b5180299ec,no,Not annotated
1020901.svs,5cf825331ee779b5180299ee,no,Not annotated
1020891.svs,5cf825341ee779b5180299f4,no,Not annotated
1021031.svs,5cf8253d1ee779b518029a22,no,Not annotated
1021086.svs,5cf825401ee779b518029a30,no,Not annotated
1021176.svs,5cf825431ee779b518029a44,no,Not annotated
1021196.svs,5cf825451ee779b518029a50,no,Not annotated
1020921.svs,5cf825461ee779b518029a54,no,Not annotated
1021321.svs,5cf826301ee779b518029f59,no,Not annotated
1021066.svs,5cf825491ee779b518029a68,no,Not annotated
1021071.svs,5cf8254b1ee779b518029a72,no,Not annotated
1021091.svs,5cf8254c1ee779b518029a74,no,Not annotated
1021056.svs,5cf8254e1ee779b518029a80,no,Not annotated
1020991.svs,5cf825501ee779b518029a8a,no,Not annotated
1020851.svs,5cf825521ee779b518029a92,no,Not annotated
1021206.svs,5cf825581ee779b518029ab0,no,Not annotated
1021101.svs,5cf8255a1ee779b518029ab8,no,Not annotated
1020966.svs,5cf8255d1ee779b518029ac8,no,Not annotated
1020866.svs,5cf8255d1ee779b518029aca,no,Not annotated
1020841.svs,5cf8255f1ee779b518029ad2,no,Not annotated
1020886.svs,5cf825601ee779b518029ad8,no,Not annotated
1021136.svs,5cf8252e1ee779b5180299d4,no,Not annotated
1020981.svs,5cf825291ee779b5180299b8,no,Not annotated
1020661.svs,5cf824ee1ee779b518029889,no,Not annotated
1020876.svs,5cf825241ee779b51802999c,no,Not annotated
1020751.svs,5cf824f11ee779b518029897,no,Not annotated
1020490.svs,5cf824f41ee779b5180298a5,no,Not annotated
1020578.svs,5cf824f41ee779b5180298a9,no,Not annotated
1020509.svs,5cf824f61ee779b5180298b1,no,Not annotated
1020756.svs,5cf824f71ee779b5180298b9,no,Not annotated
1020609.svs,5cf824f81ee779b5180298bf,no,Not annotated
1020791.svs,5cf824fa1ee779b5180298c7,no,Not annotated
1020640.svs,5cf824fd1ee779b5180298d5,no,Not annotated
1020766.svs,5cf824fe1ee779b5180298dd,no,Not annotated
1020806.svs,5cf824ff1ee779b5180298e1,no,Not annotated
1020584.svs,5cf825011ee779b5180298eb,no,Not annotated
1020548.svs,5cf825021ee779b5180298ef,no,Not annotated
1020558.svs,5cf825021ee779b5180298f1,no,Not annotated
1020573.svs,5cf8250b1ee779b51802991f,no,Not annotated
1020655.svs,5cf8250b1ee779b518029921,no,Not annotated
1020671.svs,5cf8250c1ee779b518029929,no,Not annotated
1020504.svs,5cf8250d1ee779b51802992b,no,Not annotated
1020599.svs,5cf825101ee779b51802993b,no,Not annotated
1020494.svs,5cf825111ee779b518029941,no,Not annotated
1020686.svs,5cf825111ee779b518029943,no,Not annotated
1020696.svs,5cf825151ee779b518029957,no,Not annotated
1020781.svs,5cf8251b1ee779b518029971,no,Not annotated
1020630.svs,5cf8251c1ee779b518029975,no,Not annotated
1020499.svs,5cf8251f1ee779b518029983,no,Not annotated
1020871.svs,5cf825231ee779b518029998,no,Not annotated
1021397.svs,5cf826301ee779b518029f57,no,Not annotated
1021969.svs,5cf826551ee779b51802a01a,no,Not annotated
1021402.svs,5cf826311ee779b518029f5d,no,Not annotated
1022680.svs,5cf827871ee779b51802a64d,no,Not annotated
1022655.svs,5cf8276b1ee779b51802a5c1,no,Not annotated
1022650.svs,5cf8276c1ee779b51802a5c9,no,Not annotated
1022379.svs,5cf8276d1ee779b51802a5cd,no,Not annotated
1022476.svs,5cf8276e1ee779b51802a5d1,no,Not annotated
1022530.svs,5cf827721ee779b51802a5e9,no,Not annotated
1022359.svs,5cf827731ee779b51802a5eb,no,Not annotated
1022339.svs,5cf827751ee779b51802a5f7,no,Not annotated
1022354.svs,5cf827771ee779b51802a601,no,Not annotated
1022471.svs,5cf8277b1ee779b51802a613,no,Not annotated
1022510.svs,5cf8277f1ee779b51802a627,no,Not annotated
1022414.svs,5cf827801ee779b51802a629,no,Not annotated
1022565.svs,5cf827821ee779b51802a633,no,Not annotated
1022364.svs,5cf827881ee779b51802a657,no,Not annotated
1022374.svs,5cf8279f1ee779b51802a6d1,no,Not annotated
1022690.svs,5cf827891ee779b51802a659,no,Not annotated
1022640.svs,5cf8278a1ee779b51802a65f,no,Not annotated
1022620.svs,5cf8278f1ee779b51802a677,no,Not annotated
1022615.svs,5cf827901ee779b51802a67f,no,Not annotated
1022446.svs,5cf827911ee779b51802a681,no,Not annotated
1022625.svs,5cf827911ee779b51802a683,no,Not annotated
1022590.svs,5cf827911ee779b51802a685,no,Not annotated
1022575.svs,5cf827971ee779b51802a6a1,no,Not annotated
1022451.svs,5cf827971ee779b51802a6a3,no,Not annotated
1022394.svs,5cf827991ee779b51802a6ad,no,Not annotated
1022545.svs,5cf8279a1ee779b51802a6b1,no,Not annotated
1022399.svs,5cf8279d1ee779b51802a6c3,no,Not annotated
1022384.svs,5cf827681ee779b51802a5b3,no,Not annotated
1022580.svs,5cf827671ee779b51802a5b1,no,Not annotated
1022334.svs,5cf827671ee779b51802a5af,no,Not annotated
1022685.svs,5cf827651ee779b51802a5a5,no,Not annotated
1022257.svs,5cf827311ee779b51802a498,no,Not annotated
1022129.svs,5cf827341ee779b51802a4a8,no,Not annotated
1022159.svs,5cf827351ee779b51802a4ac,no,Not annotated
1022197.svs,5cf827361ee779b51802a4b0,no,Not annotated
1022282.svs,5cf8273a1ee779b51802a4c4,no,Not annotated
1022139.svs,5cf8273b1ee779b51802a4ce,no,Not annotated
1022287.svs,5cf8273c1ee779b51802a4d0,no,Not annotated
1022252.svs,5cf8273f1ee779b51802a4e0,no,Not annotated
1022171.svs,5cf8273f1ee779b51802a4e4,no,Not annotated
1022178.svs,5cf827401ee779b51802a4e6,no,Not annotated
1022217.svs,5cf827421ee779b51802a4ee,no,Not annotated
1022118.svs,5cf827431ee779b51802a4f4,no,Not annotated
1022149.svs,5cf827471ee779b51802a50a,no,Not annotated
1022207.svs,5cf8274a1ee779b51802a518,no,Not annotated
1022486.svs,5cf827501ee779b51802a535,no,Not annotated
1022501.svs,5cf827501ee779b51802a537,no,Not annotated
1022525.svs,5cf827561ee779b51802a555,no,Not annotated
1022344.svs,5cf827561ee779b51802a557,no,Not annotated
1022496.svs,5cf827581ee779b51802a563,no,Not annotated
1022505.svs,5cf827591ee779b51802a565,no,Not annotated
1022515.svs,5cf8275a1ee779b51802a569,no,Not annotated
1022520.svs,5cf8275d1ee779b51802a579,no,Not annotated
1022555.svs,5cf8275f1ee779b51802a587,no,Not annotated
1022570.svs,5cf827601ee779b51802a58b,no,Not annotated
1022665.svs,5cf827651ee779b51802a5a3,no,Not annotated
1022600.svs,5cf8279f1ee779b51802a6cf,no,Not annotated
1022660.svs,5cf827a11ee779b51802a6d9,no,Not annotated
1022180.svs,5cf8272f1ee779b51802a48e,no,Not annotated
1027524.svs,5df7aff9c1f21ef7e0e27026,no,Not annotated
1027505.svs,5df7aff3c1f21ef7e0e26fc2,no,Not annotated
1027455.svs,5df7aff4c1f21ef7e0e26fc8,no,Not annotated
1027431.svs,5df7aff4c1f21ef7e0e26fce,no,Not annotated
1027407.svs,5df7aff5c1f21ef7e0e26fde,no,Not annotated
1027438.svs,5df7aff6c1f21ef7e0e26fe6,no,Not annotated
1027459.svs,5df7aff6c1f21ef7e0e26ff2,no,Not annotated
1027497.svs,5df7aff7c1f21ef7e0e26ff8,no,Not annotated
1027465.svs,5df7aff7c1f21ef7e0e27000,no,Not annotated
1027476.svs,5df7aff7c1f21ef7e0e27002,no,Not annotated
1027491.svs,5df7aff7c1f21ef7e0e27004,no,Not annotated
1027495.svs,5df7aff8c1f21ef7e0e2701a,no,Not annotated
1027543.svs,5df7aff9c1f21ef7e0e2701c,no,Not annotated
1027382.svs,5df7aff9c1f21ef7e0e2702c,no,Not annotated
1022369.svs,5cf827a41ee779b51802a6eb,no,Not annotated
1027472.svs,5df7affac1f21ef7e0e27034,no,Not annotated
1027451.svs,5df7affac1f21ef7e0e2703a,no,Not annotated
1027360.svs,5df7affac1f21ef7e0e2703c,no,Not annotated
1027530.svs,5df7affbc1f21ef7e0e27046,no,Not annotated
1027445.svs,5df7affcc1f21ef7e0e2705c,no,Not annotated
1027385.svs,5df7affdc1f21ef7e0e27068,no,Not annotated
1027368.svs,5df7affdc1f21ef7e0e2706a,no,Not annotated
1027428.svs,5df7affec1f21ef7e0e27076,no,Not annotated
1027522.svs,5df7affec1f21ef7e0e27078,no,Not annotated
1027361.svs,5df7affec1f21ef7e0e2707a,no,Not annotated
1027460.svs,5df7afffc1f21ef7e0e27080,no,Not annotated
1027508.svs,5df7afffc1f21ef7e0e27086,no,Not annotated
1027487.svs,5df7aff3c1f21ef7e0e26fc0,no,Not annotated
1022735.svs,5cf827e61ee779b51802a83a,no,Not annotated
1022730.svs,5cf827e51ee779b51802a830,no,Not annotated
1022725.svs,5cf827e31ee779b51802a826,no,Not annotated
1022349.svs,5cf827a81ee779b51802a6fd,no,Not annotated
1022409.svs,5cf827ae1ee779b51802a71d,no,Not annotated
1022645.svs,5cf827af1ee779b51802a723,no,Not annotated
1022466.svs,5cf827b41ee779b51802a73d,no,Not annotated
1022491.svs,5cf827b51ee779b51802a73f,no,Not annotated
1022560.svs,5cf827b61ee779b51802a747,no,Not annotated
1022595.svs,5cf827b71ee779b51802a749,no,Not annotated
1022675.svs,5cf827b81ee779b51802a753,no,Not annotated
1022605.svs,5cf827bc1ee779b51802a763,no,Not annotated
1022324.svs,5cf827be1ee779b51802a76d,no,Not annotated
1022456.svs,5cf827bf1ee779b51802a771,no,Not annotated
1022481.svs,5cf827c11ee779b51802a77b,no,Not annotated
1022461.svs,5cf827c11ee779b51802a77d,no,Not annotated
1022419.svs,5cf827c31ee779b51802a783,no,Not annotated
1022329.svs,5cf827c31ee779b51802a785,no,Not annotated
1022442.svs,5cf827c61ee779b51802a795,no,Not annotated
1022630.svs,5cf827cf1ee779b51802a7c3,no,Not annotated
1022404.svs,5cf827d01ee779b51802a7c9,no,Not annotated
1022540.svs,5cf827d41ee779b51802a7dd,no,Not annotated
1022695.svs,5cf827d71ee779b51802a7ec,no,Not annotated
1022700.svs,5cf827d91ee779b51802a7f4,no,Not annotated
1022705.svs,5cf827db1ee779b51802a7fe,no,Not annotated
1022710.svs,5cf827dd1ee779b51802a808,no,Not annotated
1022715.svs,5cf827df1ee779b51802a812,no,Not annotated
1022720.svs,5cf827e11ee779b51802a81c,no,Not annotated
1022164.svs,5cf8272f1ee779b51802a490,no,Not annotated
1022187.svs,5cf8272b1ee779b51802a47a,no,Not annotated
1021474.svs,5cf826321ee779b518029f63,no,Not annotated
1021974.svs,5cf826891ee779b51802a12e,no,Not annotated
1022009.svs,5cf826751ee779b51802a0c2,no,Not annotated
1022024.svs,5cf826781ee779b51802a0d2,no,Not annotated
1021674.svs,5cf826791ee779b51802a0d6,no,Not annotated
1021684.svs,5cf8267b1ee779b51802a0e4,no,Not annotated
1021629.svs,5cf8267d1ee779b51802a0ec,no,Not annotated
1021889.svs,5cf826811ee779b51802a100,no,Not annotated
1021899.svs,5cf826811ee779b51802a102,no,Not annotated
1021939.svs,5cf826821ee779b51802a104,no,Not annotated
1021944.svs,5cf826831ee779b51802a10a,no,Not annotated
1021964.svs,5cf826841ee779b51802a10e,no,Not annotated
1021809.svs,5cf826871ee779b51802a120,no,Not annotated
1021924.svs,5cf826881ee779b51802a128,no,Not annotated
1021819.svs,5cf8268d1ee779b51802a13e,no,Not annotated
1021804.svs,5cf826ab1ee779b51802a1da,no,Not annotated
1021879.svs,5cf8268e1ee779b51802a140,no,Not annotated
1021864.svs,5cf8268e1ee779b51802a144,no,Not annotated
1021949.svs,5cf8268f1ee779b51802a148,no,Not annotated
1021959.svs,5cf826941ee779b51802a160,no,Not annotated
1021932.svs,5cf826951ee779b51802a168,no,Not annotated
1021729.svs,5cf826961ee779b51802a16a,no,Not annotated
1021724.svs,5cf826991ee779b51802a17a,no,Not annotated
1021714.svs,5cf826a01ee779b51802a19c,no,Not annotated
1021679.svs,5cf826a01ee779b51802a19e,no,Not annotated
1021699.svs,5cf826a11ee779b51802a1a2,no,Not annotated
1021799.svs,5cf826a51ee779b51802a1bc,no,Not annotated
1021984.svs,5cf826a91ee779b51802a1ce,no,Not annotated
1021844.svs,5cf826731ee779b51802a0ba,no,Not annotated
1021824.svs,5cf826731ee779b51802a0b8,no,Not annotated
1021754.svs,5cf826731ee779b51802a0b6,no,Not annotated
1021999.svs,5cf8266e1ee779b51802a09e,no,Not annotated
1021409.svs,5cf826331ee779b518029f65,no,Not annotated
1021311.svs,5cf826341ee779b518029f6f,no,Not annotated
1021529.svs,5cf826351ee779b518029f73,no,Not annotated
1021366.svs,5cf826391ee779b518029f85,no,Not annotated
1021316.svs,5cf826391ee779b518029f87,no,Not annotated
1021504.svs,5cf8263c1ee779b518029f95,no,Not annotated
1021419.svs,5cf826431ee779b518029fbd,no,Not annotated
1021644.svs,5cf826451ee779b518029fc6,no,Not annotated
1021834.svs,5cf826501ee779b518029ffe,no,Not annotated
1021869.svs,5cf826511ee779b51802a004,no,Not annotated
1021884.svs,5cf826531ee779b51802a00c,no,Not annotated
1020272.svs,5cf8246f1ee779b5180295fe,no,Not annotated
1022019.svs,5cf826571ee779b51802a020,no,Not annotated
1021634.svs,5cf826571ee779b51802a022,no,Not annotated
1021854.svs,5cf8265b1ee779b51802a036,no,Not annotated
1021654.svs,5cf826611ee779b51802a058,no,Not annotated
1021734.svs,5cf826631ee779b51802a05e,no,Not annotated
1021706.svs,5cf826641ee779b51802a068,no,Not annotated
1021979.svs,5cf826661ee779b51802a06e,no,Not annotated
1021839.svs,5cf826671ee779b51802a074,no,Not annotated
1021794.svs,5cf826681ee779b51802a07c,no,Not annotated
1021904.svs,5cf826691ee779b51802a080,no,Not annotated
1021739.svs,5cf826691ee779b51802a082,no,Not annotated
1021989.svs,5cf8266a1ee779b51802a086,no,Not annotated
1021624.svs,5cf8266d1ee779b51802a094,no,Not annotated
1021849.svs,5cf826a91ee779b51802a1d0,no,Not annotated
1021704.svs,5cf826ad1ee779b51802a1e6,no,Not annotated
1022192.svs,5cf8272b1ee779b51802a478,no,Not annotated
1022292.svs,5cf8270c1ee779b51802a3da,no,Not annotated
1022069.svs,5cf826ed1ee779b51802a337,no,Not annotated
1022084.svs,5cf826f31ee779b51802a355,no,Not annotated
1022089.svs,5cf826f51ee779b51802a35f,no,Not annotated
1022094.svs,5cf826f71ee779b51802a369,no,Not annotated
1022099.svs,5cf826f91ee779b51802a373,no,Not annotated
1022104.svs,5cf826fb1ee779b51802a37d,no,Not annotated
1022222.svs,5cf827001ee779b51802a39c,no,Not annotated
1022272.svs,5cf827031ee779b51802a3aa,no,Not annotated
1022312.svs,5cf827051ee779b51802a3b8,no,Not annotated
1022237.svs,5cf827061ee779b51802a3bc,no,Not annotated
1022267.svs,5cf827071ee779b51802a3c0,no,Not annotated
1022134.svs,5cf8270b1ee779b51802a3d6,no,Not annotated
1022212.svs,5cf827101ee779b51802a3f2,no,Not annotated
1021914.svs,5cf826ad1ee779b51802a1e8,no,Not annotated
1022277.svs,5cf827111ee779b51802a3f4,no,Not annotated
1022242.svs,5cf827141ee779b51802a406,no,Not annotated
1022169.svs,5cf827191ee779b51802a422,no,Not annotated
1022154.svs,5cf8271a1ee779b51802a424,no,Not annotated
1022117.svs,5cf8271b1ee779b51802a42a,no,Not annotated
1022247.svs,5cf8271b1ee779b51802a42c,no,Not annotated
1022307.svs,5cf8271d1ee779b51802a434,no,Not annotated
1022144.svs,5cf8271d1ee779b51802a436,no,Not annotated
1022202.svs,5cf8271f1ee779b51802a440,no,Not annotated
1022317.svs,5cf827221ee779b51802a44e,no,Not annotated
1022227.svs,5cf827231ee779b51802a450,no,Not annotated
1022262.svs,5cf827241ee779b51802a458,no,Not annotated
1022064.svs,5cf826eb1ee779b51802a32d,no,Not annotated
1022059.svs,5cf826ea1ee779b51802a323,no,Not annotated
1022049.svs,5cf826e61ee779b51802a30f,no,Not annotated
1022044.svs,5cf826e41ee779b51802a305,no,Not annotated
1022014.svs,5cf826b01ee779b51802a1f6,no,Not annotated
1021639.svs,5cf826b01ee779b51802a1f8,no,Not annotated
1021710.svs,5cf826b11ee779b51802a1fe,no,Not annotated
1021909.svs,5cf826ba1ee779b51802a22a,no,Not annotated
1021774.svs,5cf826ba1ee779b51802a22c,no,Not annotated
1021749.svs,5cf826be1ee779b51802a242,no,Not annotated
1021919.svs,5cf826c11ee779b51802a252,no,Not annotated
1021764.svs,5cf826c21ee779b51802a256,no,Not annotated
1021954.svs,5cf826c41ee779b51802a260,no,Not annotated
1021744.svs,5cf826c51ee779b51802a266,no,Not annotated
1021874.svs,5cf826c61ee779b51802a268,no,Not annotated
1021649.svs,5cf826c91ee779b51802a278,no,Not annotated
1021709.svs,5cf826ca1ee779b51802a27c,no,Not annotated
1021789.svs,5cf826cb1ee779b51802a280,no,Not annotated
1021664.svs,5cf826cc1ee779b51802a286,no,Not annotated
1021779.svs,5cf826cc1ee779b51802a288,no,Not annotated
1021719.svs,5cf826cd1ee779b51802a28a,no,Not annotated
1022004.svs,5cf826d41ee779b51802a2b2,no,Not annotated
1021707.svs,5cf826d51ee779b51802a2b4,no,Not annotated
1021759.svs,5cf826d61ee779b51802a2ba,no,Not annotated
1021769.svs,5cf826d71ee779b51802a2be,no,Not annotated
1021659.svs,5cf826d91ee779b51802a2ca,no,Not annotated
1021894.svs,5cf826dc1ee779b51802a2da,no,Not annotated
1022029.svs,5cf826df1ee779b51802a2e7,no,Not annotated
1022034.svs,5cf826e11ee779b51802a2f1,no,Not annotated
1020135.svs,5cf824731ee779b51802960e,no,Not annotated
1020216.svs,5cf8244d1ee779b518029542,no,Not annotated
1020181.svs,5cf8246d1ee779b5180295f0,no,Not annotated
Bela-AR-053 A1 PAS2.svs,5cf821d41ee779b51802871e,no,Not annotated
Bela-AR-041 A1 PAS2.svs,5cf821bb1ee779b51802868c,no,Not annotated
Bela-AR-050 A1 PAS2.svs,5cf821bc1ee779b518028690,no,Not annotated
Bela-AR-055  A1 PAS1.svs,5cf821be1ee779b5180286a0,no,Not annotated
Bela-AR-039 A1 PAS1.svs,5cf821c41ee779b5180286bc,no,Not annotated
Bela-AR-042 A1 PAS2.svs,5cf821c41ee779b5180286be,no,Not annotated
Bela-AR-052 A1 PAS2.svs,5cf821c51ee779b5180286c4,no,Not annotated
Bela-AR-045 A1 PAS2.svs,5cf821ca1ee779b5180286de,no,Not annotated
Bela-AR-047  A1 PAS2.svs,5cf821cb1ee779b5180286e6,no,Not annotated
Bela-AR-038 A1 PAS1.svs,5cf821cb1ee779b5180286e8,no,Not annotated
Bela-AR-050 A1 PAS1.svs,5cf821ce1ee779b5180286f6,no,Not annotated
Bela-AR-044 A1 PAS2.svs,5cf821d11ee779b51802870a,no,Not annotated
Bela-AR-055  A1 PAS2.svs,5cf821d21ee779b518028712,no,Not annotated
Bela-AR-046  A1 PAS2.svs,5cf821d71ee779b51802872c,no,Not annotated
Bela-AR-058  A1 PAS2.svs,5cf821f61ee779b5180287f3,no,Not annotated
Bela-AR-049  A1 PAS1.svs,5cf821d91ee779b518028740,no,Not annotated
Bela-AR-052 A1 PAS1.svs,5cf821da1ee779b518028744,no,Not annotated
Bela-AR-051 A1 L1 PAS2.svs,5cf821e01ee779b51802876a,no,Not annotated
Bela-AR-039 A1 PAS2.svs,5cf821e01ee779b51802876c,no,Not annotated
Bela-AR-043 A1 PAS2.svs,5cf821e41ee779b518028782,no,Not annotated
Bela-AR-054 A1 PAS2.svs,5cf821e41ee779b518028786,no,Not annotated
Bela-AR-049  A1 PAS2.svs,5cf821ec1ee779b5180287b2,no,Not annotated
Bela-AR-051 A1 PAS1.svs,5cf821ec1ee779b5180287b6,no,Not annotated
Bela-AR-056  A1 PAS1.svs,5cf821f01ee779b5180287cd,no,Not annotated
Bela-AR-056  A1 PAS2.svs,5cf821f01ee779b5180287cf,no,Not annotated
Bela-AR-057  A1 PAS1.svs,5cf821f31ee779b5180287df,no,Not annotated
Bela-AR-057  A1 PAS2.svs,5cf821f31ee779b5180287e1,no,Not annotated
Bela-AR-048  A1 PAS2.svs,5cf821b91ee779b518028680,no,Not annotated
Bela-AR-046  A1 PAS1.svs,5cf821b71ee779b518028672,no,Not annotated
Bela-AR-038 A1 PAS2.svs,5cf821b61ee779b518028670,no,Not annotated
Bela-AR-054 A1 PAS1.svs,5cf821b41ee779b518028664,no,Not annotated
Bela-AR-023 A1 PAS2.svs,5cf821741ee779b518028514,no,Not annotated
Bela-AR-023 A1 PAS3.svs,5cf821751ee779b518028516,no,Not annotated
Bela-AR-024 A1 PAS2.svs,5cf821781ee779b51802852a,no,Not annotated
Bela-AR-025 A1 PAS1.svs,5cf8217b1ee779b51802853a,no,Not annotated
Bela-AR-025 A1 PAS2.svs,5cf8217b1ee779b51802853c,no,Not annotated
Bela-AR-026 A1 PAS2.svs,5cf8217f1ee779b518028552,no,Not annotated
Bela-AR-027 A1 PAS1.svs,5cf821831ee779b518028566,no,Not annotated
Bela-AR-027 A1 PAS2.svs,5cf821831ee779b518028568,no,Not annotated
Bela-AR-028 A1 PAS1.svs,5cf821871ee779b518028578,no,Not annotated
Bela-AR-028 A1 PAS2.svs,5cf821871ee779b51802857a,no,Not annotated
Bela-AR-029 A1 PAS1.svs,5cf8218c1ee779b518028594,no,Not annotated
Bela-AR-029 A1 PAS2.svs,5cf8218c1ee779b518028596,no,Not annotated
Bela-AR-030 A1 PAS2.svs,5cf8218e1ee779b5180285a0,no,Not annotated
Bela-AR-031 A1 PAS2.svs,5cf821921ee779b5180285b8,no,Not annotated
Bela-AR-032 A1 PAS2.svs,5cf821971ee779b5180285d5,no,Not annotated
Bela-AR-034 A1 PAS2.svs,5cf821a01ee779b5180285ff,no,Not annotated
Bela-AR-035 A1 PAS1.svs,5cf821a31ee779b518028611,no,Not annotated
Bela-AR-035 A1 PAS2.svs,5cf821a31ee779b518028613,no,Not annotated
Bela-AR-036 A1 PAS1.svs,5cf821a71ee779b518028625,no,Not annotated
Bela-AR-036 A1 PAS2.svs,5cf821a71ee779b518028627,no,Not annotated
Bela-AR-037 A1 PAS1.svs,5cf821a91ee779b518028632,no,Not annotated
Bela-AR-037 A1 PAS2.svs,5cf821a91ee779b518028634,no,Not annotated
Bela-AR-040 A1 PAS1.svs,5cf821ab1ee779b51802863c,no,Not annotated
Bela-AR-040 A1 PAS2.svs,5cf821ab1ee779b51802863e,no,Not annotated
Bela-AR-045 A1 PAS1.svs,5cf821af1ee779b518028650,no,Not annotated
Bela-AR-058  A1 PAS1.svs,5cf821f51ee779b5180287f1,no,Not annotated
Bela-AR-059  A1 PAS1.svs,5cf821f81ee779b518028801,no,Not annotated
Bela-AR-029 A1 PAS1-001.svs,5cf821711ee779b518028500,no,Not annotated
Bela-AR-090  A1 PAS2.svs,5cf822611ee779b518028a68,no,Not annotated
Bela-AR-083 A1 PAS1.svs,5cf822471ee779b5180289cc,no,Not annotated
Bela-AR-083 A1 PAS2.svs,5cf822471ee779b5180289ce,no,Not annotated
Bela-AR-084 A1 PAS1.svs,5cf8224b1ee779b5180289e2,no,Not annotated
Bela-AR-084 A1 PAS2.svs,5cf8224b1ee779b5180289e4,no,Not annotated
Bela-AR-085 A1 PAS1.svs,5cf8224e1ee779b5180289f8,no,Not annotated
Bela-AR-085 A1 PAS2.svs,5cf8224f1ee779b5180289fa,no,Not annotated
Bela-AR-086  A1 PAS2.svs,5cf822521ee779b518028a0c,no,Not annotated
Bela-AR-087  A1 PAS2-001.svs,5cf822531ee779b518028a10,no,Not annotated
Bela-AR-088  A1 PAS1.svs,5cf822591ee779b518028a3e,no,Not annotated
Bela-AR-089  A1 PAS1.svs,5cf8225d1ee779b518028a50,no,Not annotated
Bela-AR-089  A1 PAS2.svs,5cf8225d1ee779b518028a52,no,Not annotated
Bela-AR-090  A1 PAS1.svs,5cf822601ee779b518028a66,no,Not annotated
Bela-AR-091  A1 PAS1.svs,5cf822631ee779b518028a76,no,Not annotated
Bela-AR-059  A1 PAS2.svs,5cf821f81ee779b518028803,no,Not annotated
Bela-AR-091  A1 PAS2.svs,5cf822631ee779b518028a78,no,Not annotated
Bela-AR-093  A1 PAS1.svs,5cf822691ee779b518028a98,no,Not annotated
Bela-AR-093  A1 PAS2.svs,5cf8226b1ee779b518028aa1,no,Not annotated
Bela-AR-095  A1 PAS1.svs,5cf8226d1ee779b518028ab1,no,Not annotated
Bela-AR-095  A1 PAS2.svs,5cf8226e1ee779b518028ab3,no,Not annotated
Bela-AR-096  A1 PAS1.svs,5cf822711ee779b518028ac5,no,Not annotated
Bela-AR-096  A1 PAS2.svs,5cf822711ee779b518028ac7,no,Not annotated
Bela-AR-097  A1 PAS1.svs,5cf822741ee779b518028ad9,no,Not annotated
Bela-AR-097  A1 PAS2.svs,5cf822751ee779b518028adb,no,Not annotated
Bela-AR-098  A1 PAS2.svs,5cf822781ee779b518028aef,no,Not annotated
Bela-AR-Tac 03  A1  PAS1.svs,5cf8228d1ee779b518028b67,no,Not annotated
Bela-AR-Tac 01  A1  PAS 2.svs,5cf822901ee779b518028b7f,no,Not annotated
Bela-AR-082 A1 PAS2.svs,5cf822421ee779b5180289af,no,Not annotated
Bela-AR-082 A1 PAS1.svs,5cf822411ee779b5180289ad,no,Not annotated
Bela-AR-081 A1 PAS2.svs,5cf8223e1ee779b518028999,no,Not annotated
Bela-AR-080 A1 PAS2.svs,5cf822391ee779b518028983,no,Not annotated
Bela-AR-060  A1 PAS1.svs,5cf821fb1ee779b518028815,no,Not annotated
Bela-AR-060  A1 PAS2.svs,5cf821fc1ee779b518028817,no,Not annotated
Bela-AR-061  A1 PAS1.svs,5cf822001ee779b518028829,no,Not annotated
Bela-AR-061  A1 PAS2.svs,5cf822001ee779b51802882b,no,Not annotated
Bela-AR-062  A1 PAS2.svs,5cf822031ee779b51802883d,no,Not annotated
Bela-AR-063 A1 PAS2.svs,5cf822061ee779b51802884f,no,Not annotated
Bela-AR-065 A1 PAS1.svs,5cf8220a1ee779b518028866,no,Not annotated
Bela-AR-065 A1 PAS2.svs,5cf8220a1ee779b518028868,no,Not annotated
Bela-AR-066 A1 PAS2.svs,5cf8220e1ee779b518028880,no,Not annotated
Bela-AR-067 A1 PAS2.svs,5cf822111ee779b518028892,no,Not annotated
Bela-AR-068 A1 PAS2.svs,5cf822141ee779b5180288a2,no,Not annotated
Bela-AR-069 A1 PAS2.svs,5cf822171ee779b5180288b2,no,Not annotated
Bela-AR-070  A1 PAS1.svs,5cf822181ee779b5180288ba,no,Not annotated
Bela-AR-070  A1 PAS2.svs,5cf822191ee779b5180288bc,no,Not annotated
Bela-AR-071  A1  PAS2.svs,5cf822191ee779b5180288be,no,Not annotated
Bela-AR-072  A1 PAS2.svs,5cf822231ee779b5180288ff,no,Not annotated
Bela-AR-074 A1 PAS1.svs,5cf822261ee779b51802890f,no,Not annotated
Bela-AR-074 A1 PAS2.svs,5cf822261ee779b518028911,no,Not annotated
Bela-AR-075 A1 PAS2.svs,5cf822291ee779b518028925,no,Not annotated
Bela-AR-076 A1 PAS2.svs,5cf8222c1ee779b518028937,no,Not annotated
Bela-AR-077 A1 PAS1.svs,5cf8222f1ee779b518028947,no,Not annotated
Bela-AR-077 A1 PAS2.svs,5cf822301ee779b518028949,no,Not annotated
Bela-AR-078 A1 PAS1.svs,5cf822321ee779b518028959,no,Not annotated
Bela-AR-078 A1 PAS2.svs,5cf822331ee779b51802895b,no,Not annotated
Bela-AR-079 A1 PAS2.svs,5cf822361ee779b51802896d,no,Not annotated
Bela-AR-023 A1 PAS1.svs,5cf821741ee779b518028512,no,Not annotated
1023036.svs,5cf821701ee779b5180284fb,no,Not annotated
Bela-AR-Tac 03  A1  PAS2.svs,5cf822931ee779b518028b8f,no,Not annotated
Bela-AR-062  A1 PAS1.svs,5e13ed31c1f21ef7e0e2ac32,no,Not annotated
Bela-AR-042 A1 PAS1.svs,5e1636bbc1f21ef7e0e3b24c,no,Not annotated
1020514.svs,5e1636bbc1f21ef7e0e3b250,no,Not annotated
1020657.svs,5e1636bbc1f21ef7e0e3b254,no,Not annotated
1020131.svs,5e163bd3c1f21ef7e0e3b29a,no,Not annotated
1020816.svs,5e163bd3c1f21ef7e0e3b29c,no,Not annotated
Bela AR 004-01 PAS ADD.svs,5e13e873c1f21ef7e0e2ab90,no,Not annotated
Bela AR 005-01 PAS ADD.svs,5e13e873c1f21ef7e0e2ab92,no,Not annotated
Bela AR 001-01 PAS ADD.svs,5e13e873c1f21ef7e0e2ab94,no,Not annotated
Bela-AR 013-02 PAS1.svs,5e13e873c1f21ef7e0e2ab96,no,Not annotated
Bela-AR-048  A1 PAS1.svs,5e13ed30c1f21ef7e0e2ac2c,no,Not annotated
Bela-AR-053 A1 PAS1.svs,5e13ed31c1f21ef7e0e2ac2e,no,Not annotated
Bela-AR-063 A1 PAS1.svs,5e13ed31c1f21ef7e0e2ac30,no,Not annotated
Bela-AR-066  A1 PAS1.svs,5e13ed31c1f21ef7e0e2ac34,no,Not annotated
Bela-AR-086  A1 PAS1.svs,5e1404fac1f21ef7e0e2ad0c,no,Not annotated
Bela-AR-075 A1 PAS1.svs,5e1402dfc1f21ef7e0e2acd6,no,Not annotated
1022884.svs,5e1635bdc1f21ef7e0e3b223,no,Not annotated
1021096.svs,5e1635bdc1f21ef7e0e3b225,no,Not annotated
1020116.svs,5e1635bdc1f21ef7e0e3b227,no,Not annotated
1021829.svs,5e1635bdc1f21ef7e0e3b229,no,Not annotated
1019565.svs,5e1635bdc1f21ef7e0e3b22b,no,Not annotated
1019521.svs,5e16384ec1f21ef7e0e3b275,no,Not annotated
1021689.svs,5e16384ec1f21ef7e0e3b277,no,Not annotated
Bela-AR-076 A1 PAS1.svs,5e16384ec1f21ef7e0e3b279,no,Not annotated
Bela-AR-075 A1 PAS1.svs,5e140394c1f21ef7e0e2acf2,no,Not annotated
Bela-AR-079 A1 PAS1.svs,5e1403efc1f21ef7e0e2acff,no,Not annotated
Bela-AR-080 A1 PAS1.svs,5e1404fac1f21ef7e0e2ad08,no,Not annotated
Bela-AR-075 A1 PAS1.svs,5e13f324c1f21ef7e0e2acb8,no,Not annotated
Bela-AR-047  A1 PAS1.svs,5e13ebf6c1f21ef7e0e2ac0b,no,Not annotated
Bela-AR-044 A1 PAS.svs,5e13ebf6c1f21ef7e0e2ac09,no,Not annotated
Bela-AR-043 A1 PAS1.svs,5e13ebf6c1f21ef7e0e2ac07,no,Not annotated
Bela-AR 002-02 PAS1.svs,5e13e93cc1f21ef7e0e2abb5,no,Not annotated
Bela-AR-026 A1 PAS1.svs,5e13e93cc1f21ef7e0e2abb7,no,Not annotated
Bela-AR 021-01 PAS.svs,5e13e93cc1f21ef7e0e2abb9,no,Not annotated
Bela-AR-067 A1 PAS1.svs,5e13ee22c1f21ef7e0e2ac55,no,Not annotated
Bela-AR-068 A1 PAS1.svs,5e13ee22c1f21ef7e0e2ac57,no,Not annotated
Bela-AR-069 A1 PAS1.svs,5e13ee22c1f21ef7e0e2ac59,no,Not annotated
Bela-AR-071  A1 PAS1.svs,5e13ee22c1f21ef7e0e2ac5b,no,Not annotated
Bela-AR-072  A1 PAS1.svs,5e13ee22c1f21ef7e0e2ac5d,no,Not annotated
Bela-AR-Tac 14  A1  PAS1.svs,5e13ee8cc1f21ef7e0e2ac7e,no,Not annotated
1022909.svs,5e1632dfc1f21ef7e0e3b1e9,no,Not annotated
1019814.svs,5e1632dfc1f21ef7e0e3b1ef,no,Not annotated
1019875.svs,5e1632dfc1f21ef7e0e3b1f1,no,Not annotated
1022850.svs,5e16342fc1f21ef7e0e3b212,no,Not annotated
1022815.svs,5e16342fc1f21ef7e0e3b214,no,Not annotated
1022939.svs,5e164046c1f21ef7e0e3b2cd,no,Not annotated
1020450.svs,5e164046c1f21ef7e0e3b2cf,no,Not annotated
1019436.svs,5e164046c1f21ef7e0e3b2d1,no,Not annotated
1019848.svs,5e164046c1f21ef7e0e3b2d3,no,Not annotated
Bela-AR-Tac 09  A1 PAS1.svs,5e13e747c1f21ef7e0e2ab67,no,Not annotated
Bela-AR-Tac 10  A1  PAS1.svs,5e13e747c1f21ef7e0e2ab69,no,Not annotated
Bela-AR-Tac 11  A1  PAS1.svs,5e13e747c1f21ef7e0e2ab6b,no,Not annotated
Bela AR 008-01 PAS ADD.svs,5e13e747c1f21ef7e0e2ab6d,no,Not annotated
Bela AR 006-01 PAS ADD.svs,5e13e747c1f21ef7e0e2ab6f,no,Not annotated
Bela-AR 020-02 PAS1.svs,5e13ebf6c1f21ef7e0e2ac03,no,Not annotated
Bela-AR-041 A1 PAS1.svs,5e13ebf6c1f21ef7e0e2ac05,no,Not annotated
Bela-AR-081 A1 PAS1.svs,5e1404fac1f21ef7e0e2ad0a,no,Not annotated
Bela-AR-087  A1 PAS1.svs,5e1404fac1f21ef7e0e2ad0e,no,Not annotated
1022999.svs,5cf8216d1ee779b5180284eb,no,Not annotated
1022959.svs,5cf821461ee779b518028423,no,Not annotated
1022989.svs,5cf821201ee779b51802837f,no,Not annotated
1022860.svs,5cf821211ee779b518028387,no,Not annotated
1022899.svs,5cf821221ee779b518028389,no,Not annotated
1022845.svs,5cf821231ee779b518028391,no,Not annotated
1022787.svs,5cf821251ee779b51802839d,no,Not annotated
1022974.svs,5cf821321ee779b5180283d1,no,Not annotated
1023019.svs,5cf821341ee779b5180283d7,no,Not annotated
1023014.svs,5cf821341ee779b5180283d9,no,Not annotated
1023034.svs,5cf821351ee779b5180283e3,no,Not annotated
1023041.svs,5cf821361ee779b5180283e9,no,Not annotated
1022944.svs,5cf8213a1ee779b5180283fb,no,Not annotated
1022929.svs,5cf8213c1ee779b518028405,no,Not annotated
1022979.svs,5cf8214a1ee779b518028431,no,Not annotated
Bela-AR-088  A1 PAS2.svs,5e1404fac1f21ef7e0e2ad10,no,Not annotated
1022865.svs,5cf821531ee779b518028463,no,Not annotated
1022840.svs,5cf821541ee779b518028469,no,Not annotated
1022924.svs,5cf821551ee779b51802846b,no,Not annotated
1022810.svs,5cf821561ee779b518028473,no,Not annotated
1023009.svs,5cf8215c1ee779b51802848f,no,Not annotated
1022800.svs,5cf821601ee779b5180284a7,no,Not annotated
1022805.svs,5cf821621ee779b5180284af,no,Not annotated
1022830.svs,5cf821621ee779b5180284b3,no,Not annotated
1022964.svs,5cf821661ee779b5180284c5,no,Not annotated
1022795.svs,5cf821661ee779b5180284c7,no,Not annotated
1022875.svs,5cf821671ee779b5180284cb,no,Not annotated
1022880.svs,5cf8216d1ee779b5180284e9,no,Not annotated
1022855.svs,5cf8211b1ee779b518028367,no,Not annotated
1023048.svs,5cf821191ee779b51802835d,no,Not annotated
1023046.svs,5cf821191ee779b51802835b,no,Not annotated
1023004.svs,5cf821171ee779b518028351,no,Not annotated
Bela-AR-098  A1 PAS1.svs,5e1404fac1f21ef7e0e2ad12,no,Not annotated
1022585.svs,5e164168c1f21ef7e0e3b2f4,no,Not annotated
1022079.svs,5e164168c1f21ef7e0e3b2f6,no,Not annotated
1019961.svs,5ec3f03effe09d4ddfb39e4a,no,Not annotated
1019962.svs,5ec3ef1fffe09d4ddfb39dcd,no,Not annotated
1019963.svs,5ec3efafffe09d4ddfb39ddc,no,Not annotated
1019965.svs,5ec3efc2ffe09d4ddfb39de5,no,Not annotated
1021811.svs,5ec3f0c3ffe09d4ddfb39e5a,no,Not annotated
1021813.svs,5ec3f0d1ffe09d4ddfb39e65,no,Not annotated
1021815.svs,5ec3f0e1ffe09d4ddfb39e6e,no,Not annotated
1019463.svs,5ec3f13cffe09d4ddfb39ea1,no,Not annotated
1019464.svs,5ec3f146ffe09d4ddfb39eaa,no,Not annotated
1019465.svs,5ec3f151ffe09d4ddfb39eb3,no,Not annotated
1019467.svs,5ec3f15dffe09d4ddfb39ebc,no,Not annotated
1019466.svs,5ec3f169ffe09d4ddfb39ee1,no,Not annotated
1022825.svs,5cf820fd1ee779b5180282cf,no,Not annotated
1022870.svs,5cf821001ee779b5180282db,no,Not annotated
1022894.svs,5cf821011ee779b5180282e1,no,Not annotated
1022914.svs,5cf821021ee779b5180282e7,no,Not annotated
1022984.svs,5cf821081ee779b518028303,no,Not annotated
1023029.svs,5cf8210d1ee779b518028319,no,Not annotated
1022969.svs,5cf821101ee779b51802832b,no,Not annotated
1022934.svs,5cf821131ee779b518028339,no,Not annotated
1022820.svs,5cf821151ee779b518028347,no,Not annotated
1022889.svs,5cf821161ee779b51802834d,no,Not annotated
Bela-AR-Tac 04  A1  PAS2.svs,5cf822931ee779b518028b8d,no,Not annotated
Bela-AR-Tac 02  A1  PAS1.svs,5cf822931ee779b518028b91,no,Not annotated
1020142.svs,5cf824691ee779b5180295e0,no,Not annotated
1019904.svs,5cf823da1ee779b5180292e6,no,Not annotated
1019899.svs,5cf823c71ee779b518029282,no,Not annotated
1019889.svs,5cf823cd1ee779b51802929e,no,Not annotated
1019804.svs,5cf823cd1ee779b5180292a0,no,Not annotated
1019939.svs,5cf823ce1ee779b5180292a4,no,Not annotated
1019718.svs,5cf823d01ee779b5180292ac,no,Not annotated
1019753.svs,5cf823d31ee779b5180292be,no,Not annotated
1019858.svs,5cf823d41ee779b5180292c4,no,Not annotated
1019763.svs,5cf823d51ee779b5180292ca,no,Not annotated
1019748.svs,5cf823d71ee779b5180292d6,no,Not annotated
1019799.svs,5cf823d81ee779b5180292d8,no,Not annotated
1019722.svs,5cf823d91ee779b5180292dc,no,Not annotated
1019743.svs,5cf823da1ee779b5180292e4,no,Not annotated
1019914.svs,5cf823da1ee779b5180292e8,no,Not annotated
1020047.svs,5cf823f81ee779b51802937f,no,Not annotated
1019924.svs,5cf823dc1ee779b5180292ee,no,Not annotated
1019979.svs,5cf823dd1ee779b5180292f9,no,Not annotated
1019989.svs,5cf823e11ee779b51802930d,no,Not annotated
1019994.svs,5cf823e31ee779b518029317,no,Not annotated
1019999.svs,5cf823e51ee779b518029321,no,Not annotated
1020007.svs,5cf823e81ee779b518029331,no,Not annotated
1020012.svs,5cf823eb1ee779b51802933b,no,Not annotated
1020017.svs,5cf823ed1ee779b518029345,no,Not annotated
1020022.svs,5cf823ef1ee779b51802934f,no,Not annotated
1020027.svs,5cf823f01ee779b518029357,no,Not annotated
1020032.svs,5cf823f21ee779b518029361,no,Not annotated
1020037.svs,5cf823f41ee779b51802936b,no,Not annotated
1019711.svs,5cf823c61ee779b518029278,no,Not annotated
1019873.svs,5cf823c21ee779b518029264,no,Not annotated
1019843.svs,5cf823c21ee779b518029262,no,Not annotated
1019919.svs,5cf823be1ee779b518029252,no,Not annotated
1019789.svs,5cf823761ee779b5180290de,no,Not annotated
1019833.svs,5cf823791ee779b5180290ec,no,Not annotated
1019868.svs,5cf8237b1ee779b5180290f4,no,Not annotated
1019884.svs,5cf8237c1ee779b5180290fc,no,Not annotated
1019794.svs,5cf823811ee779b518029112,no,Not annotated
1019824.svs,5cf823811ee779b518029116,no,Not annotated
1019773.svs,5cf823861ee779b518029130,no,Not annotated
1019929.svs,5cf8238d1ee779b518029156,no,Not annotated
1019954.svs,5cf8238e1ee779b51802915c,no,Not annotated
1019894.svs,5cf823901ee779b518029168,no,Not annotated
1019716.svs,5cf823921ee779b518029172,no,Not annotated
1019706.svs,5cf823941ee779b518029178,no,Not annotated
1019734.svs,5cf823951ee779b518029180,no,Not annotated
1019784.svs,5cf8239c1ee779b5180291a4,no,Not annotated
1019778.svs,5cf823a41ee779b5180291ce,no,Not annotated
1019934.svs,5cf823a61ee779b5180291da,no,Not annotated
1019949.svs,5cf823a71ee779b5180291dc,no,Not annotated
1019944.svs,5cf823a91ee779b5180291ea,no,Not annotated
1019809.svs,5cf823ab1ee779b5180291f0,no,Not annotated
1019909.svs,5cf823ad1ee779b5180291f6,no,Not annotated
1019768.svs,5cf823ae1ee779b5180291fc,no,Not annotated
1019838.svs,5cf823b21ee779b518029210,no,Not annotated
1019853.svs,5cf823b31ee779b51802921a,no,Not annotated
1019758.svs,5cf823b61ee779b518029226,no,Not annotated
1019959.svs,5cf823be1ee779b518029250,no,Not annotated
1020042.svs,5cf823f61ee779b518029375,no,Not annotated
1020052.svs,5cf823f91ee779b518029389,no,Not annotated
1019727.svs,5cf823731ee779b5180290ce,no,Not annotated
1020206.svs,5cf8244d1ee779b51802953e,no,Not annotated
1020302.svs,5cf824391ee779b5180294d2,no,Not annotated
1020267.svs,5cf8243c1ee779b5180294e4,no,Not annotated
1020236.svs,5cf8243d1ee779b5180294e6,no,Not annotated
1020191.svs,5cf8243e1ee779b5180294ea,no,Not annotated
1020231.svs,5cf8243e1ee779b5180294ee,no,Not annotated
1020326.svs,5cf824401ee779b5180294f6,no,Not annotated
1020282.svs,5cf824411ee779b5180294fc,no,Not annotated
1020287.svs,5cf824431ee779b518029508,no,Not annotated
1020317.svs,5cf824441ee779b51802950e,no,Not annotated
1020430.svs,5cf824451ee779b518029510,no,Not annotated
1020167.svs,5cf824461ee779b518029516,no,Not annotated
1020211.svs,5cf8244d1ee779b51802953c,no,Not annotated
Bela-AR-024 A1 PAS1.svs,5e13e93bc1f21ef7e0e2abb3,no,Not annotated
1020057.svs,5cf823fb1ee779b518029393,no,Not annotated
1020346.svs,5cf8244f1ee779b51802954e,no,Not annotated
1020420.svs,5cf824521ee779b518029564,no,Not annotated
1020147.svs,5cf824531ee779b51802956c,no,Not annotated
1020435.svs,5cf824541ee779b518029572,no,Not annotated
1020405.svs,5cf824561ee779b518029580,no,Not annotated
1020245.svs,5cf8245a1ee779b518029596,no,Not annotated
1020368.svs,5cf8245c1ee779b51802959e,no,Not annotated
1020361.svs,5cf8245e1ee779b5180295ac,no,Not annotated
1020262.svs,5cf824601ee779b5180295b4,no,Not annotated
1020176.svs,5cf824641ee779b5180295c6,no,Not annotated
1020336.svs,5cf824671ee779b5180295d6,no,Not annotated
1020152.svs,5cf824681ee779b5180295da,no,Not annotated
1020425.svs,5cf824371ee779b5180294c8,no,Not annotated
1020374.svs,5cf824331ee779b5180294b4,no,Not annotated
1020240.svs,5cf8242d1ee779b518029498,no,Not annotated
1020185.svs,5cf8242a1ee779b518029486,no,Not annotated
1020062.svs,5cf823fd1ee779b51802939d,no,Not annotated
1020065.svs,5cf823fe1ee779b5180293a3,no,Not annotated
1020070.svs,5cf824001ee779b5180293ad,no,Not annotated
1020075.svs,5cf824021ee779b5180293b7,no,Not annotated
1020080.svs,5cf824041ee779b5180293c1,no,Not annotated
1020085.svs,5cf824061ee779b5180293cb,no,Not annotated
1020090.svs,5cf824081ee779b5180293d5,no,Not annotated
1020095.svs,5cf8240a1ee779b5180293df,no,Not annotated
1020099.svs,5cf8240b1ee779b5180293e7,no,Not annotated
1020106.svs,5cf8240e1ee779b5180293f5,no,Not annotated
1020121.svs,5cf824141ee779b518029411,no,Not annotated
1020126.svs,5cf824151ee779b51802941b,no,Not annotated
1020134.svs,5cf824181ee779b51802942b,no,Not annotated
1020157.svs,5cf8241a1ee779b518029434,no,Not annotated
1020162.svs,5cf8241a1ee779b518029436,no,Not annotated
1020255.svs,5cf8241f1ee779b51802944e,no,Not annotated
1020297.svs,5cf824211ee779b51802945a,no,Not annotated
1020307.svs,5cf824221ee779b51802945e,no,Not annotated
1020366.svs,5cf824251ee779b51802946a,no,Not annotated
1020379.svs,5cf824251ee779b51802946e,no,Not annotated
1020386.svs,5cf824271ee779b518029472,no,Not annotated
1020391.svs,5cf824281ee779b518029478,no,Not annotated
1020400.svs,5cf824281ee779b51802947c,no,Not annotated
1020415.svs,5cf824291ee779b51802947e,no,Not annotated
1020440.svs,5cf824291ee779b518029482,no,Not annotated
1019779.svs,5cf823761ee779b5180290dc,no,Not annotated
1019701.svs,5cf823731ee779b5180290cc,no,Not annotated
Bela-AR-Tac 05  A1  PAS1.svs,5cf8229a1ee779b518028bb9,no,Not annotated
Bela-AR 021-02 PASADD.svs,5cf822e21ee779b518028d66,no,Not annotated
Bela AR 009-01 PAS.svs,5cf822d21ee779b518028d0a,no,Not annotated
Bela AR 008-01 PAS.svs,5cf822d31ee779b518028d12,no,Not annotated
Bela-AR 014-01 PAS2.svs,5cf822d41ee779b518028d14,no,Not annotated
Bela-AR 018-01 PAS2.svs,5cf822d41ee779b518028d16,no,Not annotated
Bela-AR 019-01 PAS1.svs,5cf822d41ee779b518028d18,no,Not annotated
Bela-AR 016-01 PAS1.svs,5cf822db1ee779b518028d40,no,Not annotated
Bela AR 010-01 PAS ADD.svs,5cf822dc1ee779b518028d46,no,Not annotated
Bela-AR 013-02 PAS2.svs,5cf822dd1ee779b518028d4c,no,Not annotated
Bela AR 015-01 PAS.svs,5cf822de1ee779b518028d52,no,Not annotated
Bela-AR 014-01 PAS1.svs,5cf822de1ee779b518028d54,no,Not annotated
Bela-AR 016-01 PAS2.svs,5cf822df1ee779b518028d58,no,Not annotated
Bela-AR 017-01 PAS2.svs,5cf822e01ee779b518028d5e,no,Not annotated
Bela AR 004-02 PAS ADD.svs,5cf822e21ee779b518028d68,no,Not annotated
1019356.svs,5cf822fc1ee779b518028e01,no,Not annotated
Bela AR 010-01 PAS.svs,5cf822e31ee779b518028d70,no,Not annotated
Bela-AR 021-01 PASADD.svs,5cf822e41ee779b518028d74,no,Not annotated
Bela-AR 020-02 PASADD.svs,5cf822e51ee779b518028d7e,no,Not annotated
Bela-AR 003-01 PAS1.svs,5cf822e61ee779b518028d80,no,Not annotated
Bela-AR 011-01 PAS2.svs,5cf822e61ee779b518028d82,no,Not annotated
Bela-AR 002-01 PAS1.svs,5cf822e81ee779b518028d8c,no,Not annotated
Bela AR 004-02 PAS.svs,5cf822ec1ee779b518028da4,no,Not annotated
Bela AR 004-01 PAS.svs,5cf822ee1ee779b518028db2,no,Not annotated
Bela AR 007-01 PAS.svs,5cf822ef1ee779b518028db8,no,Not annotated
Bela AR 006-01 PAS.svs,5cf822f11ee779b518028dc4,no,Not annotated
Bela-AR 020-01 PAS2.svs,5cf822f71ee779b518028de0,no,Not annotated
Bela-AR 018-01 PAS1.svs,5cf822fa1ee779b518028df4,no,Not annotated
Bela AR 015-01 PAS ADD.svs,5cf822d11ee779b518028d08,no,Not annotated
Bela AR 001-01 PAS.svs,5cf822d11ee779b518028d04,no,Not annotated
Bela-AR 002-02 PAS2.svs,5cf822d01ee779b518028d02,no,Not annotated
Bela-AR 021-02 PAS.svs,5cf822ce1ee779b518028ce8,no,Not annotated
Bela-AR-Tac 10  A1  PAS2.svs,5cf8229b1ee779b518028bbf,no,Not annotated
Bela-AR-Tac 01  A1  PAS1.svs,5cf822a01ee779b518028bd9,no,Not annotated
Bela-AR-Tac 07  A1  PAS1.svs,5cf822a31ee779b518028be9,no,Not annotated
Bela-AR-Tac 15  A1  PAS1.svs,5cf822a71ee779b518028c03,no,Not annotated
Bela-AR-Tac 15  A1  PAS2.svs,5cf822a81ee779b518028c05,no,Not annotated
Bela-AR-Tac 12 A1 PAS2.svs,5cf822aa1ee779b518028c11,no,Not annotated
Bela-AR-Tac 14  A1  PAS2.svs,5cf822ad1ee779b518028c21,no,Not annotated
Bela-AR-Tac 12 A1 PAS1.svs,5cf822ad1ee779b518028c27,no,Not annotated
Bela-AR-Tac 06  A1  PAS1.svs,5cf822af1ee779b518028c2f,no,Not annotated
Bela-AR-Tac 06  A1  PAS2.svs,5cf822b41ee779b518028c4b,no,Not annotated
Bela-AR-Tac 05  A1  PAS2.svs,5cf822b81ee779b518028c5f,no,Not annotated
Bela-AR-Tac 04  A1  PAS1.svs,5cf822b81ee779b518028c61,no,Not annotated
Bela-AR-Tac 08  A1  PAS2.svs,5cf822b81ee779b518028c63,no,Not annotated
Bela-AR-Tac 11  A1  PAS2.svs,5cf822b91ee779b518028c69,no,Not annotated
Bela-AR-Tac 13  A1 PAS1.svs,5cf822bd1ee779b518028c81,no,Not annotated
Bela-AR-Tac 02  A1  PAS2.svs,5cf822be1ee779b518028c87,no,Not annotated
Bela-AR-Tac 08  A1  PAS1.svs,5cf822c11ee779b518028c99,no,Not annotated
Bela-AR-Tac 07  A1  PAS2.svs,5cf822c21ee779b518028c9d,no,Not annotated
Bela-AR-Tac 13  A1 PAS2.svs,5cf822c51ee779b518028cb1,no,Not annotated
Bela AR 005-01 PAS.svs,5cf822c71ee779b518028cbe,no,Not annotated
Bela AR 007-01 PAS ADD.svs,5cf822c71ee779b518028cc2,no,Not annotated
Bela AR 009-01 PAS ADD.svs,5cf822c81ee779b518028cc6,no,Not annotated
Bela-AR 002-01 PAS2.svs,5cf822c81ee779b518028cca,no,Not annotated
Bela-AR 003-01 PAS2.svs,5cf822ca1ee779b518028cd0,no,Not annotated
Bela-AR 019-01 PAS2.svs,5cf822cc1ee779b518028cdc,no,Not annotated
1019351.svs,5cf822fc1ee779b518028dff,no,Not annotated
1019361.svs,5cf822fd1ee779b518028e03,no,Not annotated
1019416.svs,5e74d8b308e43602a864db4d,no,Not annotated
1019495.svs,5cf823561ee779b518029033,no,Not annotated
1019586.svs,5cf823321ee779b518028f6f,no,Not annotated
1019456.svs,5cf8233b1ee779b518028f9f,no,Not annotated
1019561.svs,5cf8233d1ee779b518028fad,no,Not annotated
1019609.svs,5cf8233e1ee779b518028faf,no,Not annotated
1019624.svs,5cf8233f1ee779b518028fb7,no,Not annotated
1019546.svs,5cf823401ee779b518028fbb,no,Not annotated
1019451.svs,5cf823411ee779b518028fc1,no,Not annotated
1019634.svs,5cf8234a1ee779b518028fed,no,Not annotated
1019516.svs,5cf8234e1ee779b518029003,no,Not annotated
1019381.svs,5cf8234f1ee779b518029007,no,Not annotated
1019446.svs,5cf823541ee779b518029027,no,Not annotated
1019576.svs,5cf823551ee779b51802902f,no,Not annotated
1019629.svs,5cf823571ee779b518029037,no,Not annotated
1019475.svs,5cf823001ee779b518028e17,no,Not annotated
1019346.svs,5cf823591ee779b518029045,no,Not annotated
1019426.svs,5cf8235b1ee779b51802904f,no,Not annotated
1019396.svs,5cf8235c1ee779b518029051,no,Not annotated
1019510.svs,5cf8235d1ee779b51802905b,no,Not annotated
1019391.svs,5cf8235e1ee779b51802905d,no,Not annotated
1019604.svs,5cf823621ee779b518029077,no,Not annotated
1019505.svs,5cf823641ee779b518029081,no,Not annotated
1019653.svs,5cf823671ee779b518029091,no,Not annotated
1019691.svs,5cf823691ee779b518029097,no,Not annotated
1019485.svs,5cf8236c1ee779b5180290a7,no,Not annotated
1019406.svs,5cf8236c1ee779b5180290ab,no,Not annotated
1019657.svs,5cf823701ee779b5180290bb,no,Not annotated
1019649.svs,5cf823301ee779b518028f6b,no,Not annotated
1019480.svs,5cf823301ee779b518028f69,no,Not annotated
1019551.svs,5cf8232e1ee779b518028f61,no,Not annotated
1019461.svs,5cf8232d1ee779b518028f5b,no,Not annotated
1019490.svs,5cf823011ee779b518028e1d,no,Not annotated
1019526.svs,5cf823021ee779b518028e27,no,Not annotated
1019591.svs,5cf823041ee779b518028e39,no,Not annotated
1019596.svs,5cf823051ee779b518028e3b,no,Not annotated
1019662.svs,5cf823061ee779b518028e45,no,Not annotated
1019536.svs,5cf823081ee779b518028e53,no,Not annotated
1019401.svs,5cf823091ee779b518028e61,no,Not annotated
1019386.svs,5cf823091ee779b518028e63,no,Not annotated
1019556.svs,5cf8230b1ee779b518028e6f,no,Not annotated
1019581.svs,5cf8230b1ee779b518028e71,no,Not annotated
1019667.svs,5cf8230c1ee779b518028e7b,no,Not annotated
1019681.svs,5cf8230d1ee779b518028e7f,no,Not annotated
1019696.svs,5cf8230d1ee779b518028e83,no,Not annotated
1019376.svs,5cf8230f1ee779b518028e95,no,Not annotated
1019531.svs,5cf823101ee779b518028e9b,no,Not annotated
1019599.svs,5cf823121ee779b518028ea7,no,Not annotated
1019470.svs,5cf823171ee779b518028ed3,no,Not annotated
1019371.svs,5cf823181ee779b518028ed9,no,Not annotated
1019411.svs,5cf8231a1ee779b518028ee7,no,Not annotated
1019686.svs,5cf8231e1ee779b518028f09,no,Not annotated
1019541.svs,5cf823241ee779b518028f29,no,Not annotated
1019614.svs,5cf823251ee779b518028f2f,no,Not annotated
1019676.svs,5cf823261ee779b518028f33,no,Not annotated
1019441.svs,5cf823261ee779b518028f37,no,Not annotated
1019619.svs,5cf823291ee779b518028f45,no,Not annotated
1027401.svs,5df7afffc1f21ef7e0e27088,no,Not annotated
